Protein_sequence,Substrate_SMILES
MSIIKSYAAKEAGSELELYEYDAGELRPEDVEVQVDYCGICHSDLSMIDNEWGFSQYPLVAGHEVIGRVAALGSAAQEKGVKVGQRVGVGWTARSCGHCDACISGNQINCLEGAVATILNRGGFAEKLRADWQWVIPLPESIDIESAGPLLCGGITVFKPLLMHHITATSRVGVIGIGGLGHIAIKLLHAMGCEVTAFSSNPSKEQEVLAMGADKVVNSRDPDALNALAGQFDLIINTVNVDLDWQPYFEALAYGGHFHTVGAVMKPLPVPAFTLIAGDRSISGSATGTPYELRKLMKFAGRSKVSPTTELFPMSQINEAIQHVRDGKARYRVVLQADF,CC=CCO
MSIIKSYAAKEAGSELELYEYDAGELRPEDVEVQVDYCGICHSDLSMIDNEWGFSQYPLVAGHEVIGRVAALGSAAQEKGVKVGQRVGVGWTARSCGHCDACISGNQINCLEGAVATILNRGGFAEKLRADWQWVIPLPESIDIESAGPLLCGGITVFKPLLMHHITATSRVGVIGIGGLGHIAIKLLHAMGCEVTAFSSNPSKEQEVLAMGADKVVNSRDPDALNALAGQFDLIINTVNVDLDWQPYFEALAYGGHFHTVGAVMKPLPVPAFTLIAGDRSISGSATGTPYELRKLMKFAGRSKVSPTTELFPMSQINEAIQHVRDGKARYRVVLQADF,CC=CC=O
MRAVRLVEIGKPLSLQEIGVPKPKGPQVLIKVEAAGVCHSDVHMRQGRFGNLRIVEDLGVKLPVTLGHEIAGKIEEVGDEVVGYSKGDLVAVNPWQGEGNCYYCRIGEEHLCDSPRWLGINFDGAYAEYVIVPHYKYMYKLRRLNAVEAAPLTCSGITTYRAVRKASLDPTKTLLVVGAGGGLGTMAVQIAKAVSGATIIGVDVREEAVEAAKRAGADYVINASMQDPLAEIRRITESKGVDAVIDLNNSEKTLSVYPKALAKQGKYVMVGLFGADLHYHAPLITLSEIQFVGSLVGNQSDFLGIMRLAEAGKVKPMITKTMKLEEANEAIDNLENFKAIGRQVLIP,CCC(C)O
MRAVRLVEIGKPLSLQEIGVPKPKGPQVLIKVEAAGVCHSDVHMRQGRFGNLRIVEDLGVKLPVTLGHEIAGKIEEVGDEVVGYSKGDLVAVNPWQGEGNCYYCRIGEEHLCDSPRWLGINFDGAYAEYVIVPHYKYMYKLRRLNAVEAAPLTCSGITTYRAVRKASLDPTKTLLVVGAGGGLGTMAVQIAKAVSGATIIGVDVREEAVEAAKRAGADYVINASMQDPLAEIRRITESKGVDAVIDLNNSEKTLSVYPKALAKQGKYVMVGLFGADLHYHAPLITLSEIQFVGSLVGNQSDFLGIMRLAEAGKVKPMITKTMKLEEANEAIDNLENFKAIGRQVLIP,CCC(C)O
MRAVRLVEIGKPLSLQEIGVPKPKGPQVLIKVEAAGVCHSDVHMRQGRFGNLRIVEDLGVKLPVTLGHEIAGKIEEVGDEVVGYSKGDLVAVNPWQGEGNCYYCRIGEEHLCDSPRWLGINFDGAYAEYVIVPHYKYMYKLRRLNAVEAAPLTCSGITTYRAVRKASLDPTKTLLVVGAGGGLGTMAVQIAKAVSGATIIGVDVREEAVEAAKRAGADYVINASMQDPLAEIRRITESKGVDAVIDLNNSEKTLSVYPKALAKQGKYVMVGLFGADLHYHAPLITLSEIQFVGSLVGNQSDFLGIMRLAEAGKVKPMITKTMKLEEANEAIDNLENFKAIGRQVLIP,CCCC(C)O
MRAVRLVEIGKPLSLQEIGVPKPKGPQVLIKVEAAGVCHSDVHMRQGRFGNLRIVEDLGVKLPVTLGHEIAGKIEEVGDEVVGYSKGDLVAVNPWQGEGNCYYCRIGEEHLCDSPRWLGINFDGAYAEYVIVPHYKYMYKLRRLNAVEAAPLTCSGITTYRAVRKASLDPTKTLLVVGAGGGLGTMAVQIAKAVSGATIIGVDVREEAVEAAKRAGADYVINASMQDPLAEIRRITESKGVDAVIDLNNSEKTLSVYPKALAKQGKYVMVGLFGADLHYHAPLITLSEIQFVGSLVGNQSDFLGIMRLAEAGKVKPMITKTMKLEEANEAIDNLENFKAIGRQVLIP,CCCC(C)O
MKAAVVEQFKEPLKIKEVEKPTISYGEVLVRIKACGVCHTDLHAAHGDWPVKPKLPLIPGHEGVGIVEEVGPGVTHLKVGDRVGIPWLYSACGHCDYCLSGQETLCEHQKNAGYSVDGGYAEYCRAAADYVVKIPDNLSFEEAAPIFCAGVTTYKALKVTGAKPGEWVAIYGIGGLGHVAVQYAKAMGLNVVAVDIGDEKLELAKELGADLVVNPLKEDAAKFMKEKVGGVHAAVVTAVSKPAFQSAYNSIRRGGACVLVGLPPEEMPIPIFDTVLNGIKIIGSIVGTRKDLQEALQFAAEGKVKTIIEVQPLEKINEVFDRMLKGQINGRVVLTLEDK,C(CO)CO
MRAAVIKEWGTPLEVTDVPKPEPGPGEVLVRISASGVCHTDIHQWKGDWPPVQALMIQHGVRILGHEGIGVVEEVGLGVSTLKKGDRVGVPWMNYWCGRCEYCLSGYPHWCPHAKYTSVHVDGTHAEYAIISERATPRIPKEISDVEAAPLMCAGVTAYGAVRKLITEAAIPPGKPIAIIGAAGGLGHYAVQIAKAFGYTVVGIDVGAERVKFVEKLGADYAVDVGEADKFVMDKWGGVYASVVFTPRLEGYRLGLRLLRPLGALVFVGLPDMKEGGLELYPLVVVGRGIRIFGSSVGVTHEFEELFNLVVQGKVKSHVTKTASLSEINEVFKDLEEGKIVGRAVLKI,C(CCO)CO
MRAVRLVEIGKPLSLQEIGVPKPKGPQVLIKVEAAGVCHSDVHMRQGRFGNLRIVEDLGVKLPVTLGHEIAGKIEEVGDEVVGYSKGDLVAVNPWQGEGNCYYCRIGEEHLCDSPRWLGINFDGAYAEYVIVPHYKYMYKLRRLNAVEAAPLTCSGITTYRAVRKASLDPTKTLLVVGAGGGLGTMAVQIAKAVSGATIIGVDVREEAVEAAKRAGADYVINASMQDPLAEIRRITESKGVDAVIDLNNSEKTLSVYPKALAKQGKYVMVGLFGADLHYHAPLITLSEIQFVGSLVGNQSDFLGIMRLAEAGKVKPMITKTMKLEEANEAIDNLENFKAIGRQVLIP,CCCCO
MRAVRLVEIGKPLSLQEIGVPKPKGPQVLIKVEAAGVCHSDVHMRQGRFGNLRIVEDLGVKLPVTLGHEIAGKIEEVGDEVVGYSKGDLVAVNPWQGEGNCYYCRIGEEHLCDSPRWLGINFDGAYAEYVIVPHYKYMYKLRRLNAVEAAPLTCSGITTYRAVRKASLDPTKTLLVVGAGGGLGTMAVQIAKAVSGATIIGVDVREEAVEAAKRAGADYVINASMQDPLAEIRRITESKGVDAVIDLNNSEKTLSVYPKALAKQGKYVMVGLFGADLHYHAPLITLSEIQFVGSLVGNQSDFLGIMRLAEAGKVKPMITKTMKLEEANEAIDNLENFKAIGRQVLIP,CCCCO
MKAARLHEYNKPLRIEDVDYPRLEGRFDVIVRIAGAGVCHTDLHLVQGMWHELLQPKLPYTLGHENVGYIEEVAEGVEGLEKGDPVILHPAVTDGTCLACRAGEDMHCENLEFPGLNIDGGFAEFMRTSHRSVIKLPKDISREKLVEMAPLADAGITAYRAVKKAARTLYPGAYVAIVGVGGLGHIAVQLLKVMTPATVIALDVKEEKLKLAERLGADHVVDARRDPVKQVMELTRGRGVNVAMDFVGSQATVDYTPYLLGRMGRLIIVGYGGELRFPTIRVISSEVSFEGSLVGNYVELHELVTLALQGKVRVEVDIHKLDEINDVLERLEKGEVLGRAVLIP,CCCCO
MKAAVVEQFKEPLKIKEVEKPTISYGEVLVRIKACGVCHTDLHAAHGDWPVKPKLPLIPGHEGVGIVEEVGPGVTHLKVGDRVGIPWLYSACGHCDYCLSGQETLCEHQKNAGYSVDGGYAEYCRAAADYVVKIPDNLSFEEAAPIFCAGVTTYKALKVTGAKPGEWVAIYGIGGLGHVAVQYAKAMGLNVVAVDIGDEKLELAKELGADLVVNPLKEDAAKFMKEKVGGVHAAVVTAVSKPAFQSAYNSIRRGGACVLVGLPPEEMPIPIFDTVLNGIKIIGSIVGTRKDLQEALQFAAEGKVKTIIEVQPLEKINEVFDRMLKGQINGRVVLTLEDK,CCCCO
MRAVRLVEIGKPLSLQEIGVPKPKGPQVLIKVEAAGVCHSDVHMRQGRFGNLRIVEDLGVKLPVTLGHEIAGKIEEVGDEVVGYSKGDLVAVNPWQGEGNCYYCRIGEEHLCDSPRWLGINFDGAYAEYVIVPHYKYMYKLRRLNAVEAAPLTCSGITTYRAVRKASLDPTKTLLVVGAGGGLGTMAVQIAKAVSGATIIGVDVREEAVEAAKRAGADYVINASMQDPLAEIRRITESKGVDAVIDLNNSEKTLSVYPKALAKQGKYVMVGLFGADLHYHAPLITLSEIQFVGSLVGNQSDFLGIMRLAEAGKVKPMITKTMKLEEANEAIDNLENFKAIGRQVLIP,CCCCCCCO
MRAVRLVEIGKPLSLQEIGVPKPKGPQVLIKVEAAGVCHSDVHMRQGRFGNLRIVEDLGVKLPVTLGHEIAGKIEEVGDEVVGYSKGDLVAVNPWQGEGNCYYCRIGEEHLCDSPRWLGINFDGAYAEYVIVPHYKYMYKLRRLNAVEAAPLTCSGITTYRAVRKASLDPTKTLLVVGAGGGLGTMAVQIAKAVSGATIIGVDVREEAVEAAKRAGADYVINASMQDPLAEIRRITESKGVDAVIDLNNSEKTLSVYPKALAKQGKYVMVGLFGADLHYHAPLITLSEIQFVGSLVGNQSDFLGIMRLAEAGKVKPMITKTMKLEEANEAIDNLENFKAIGRQVLIP,CCCCCCCO
MRAVRLVEIGKPLSLQEIGVPKPKGPQVLIKVEAAGVCHSDVHMRQGRFGNLRIVEDLGVKLPVTLGHEIAGKIEEVGDEVVGYSKGDLVAVNPWQGEGNCYYCRIGEEHLCDSPRWLGINFDGAYAEYVIVPHYKYMYKLRRLNAVEAAPLTCSGITTYRAVRKASLDPTKTLLVVGAGGGLGTMAVQIAKAVSGATIIGVDVREEAVEAAKRAGADYVINASMQDPLAEIRRITESKGVDAVIDLNNSEKTLSVYPKALAKQGKYVMVGLFGADLHYHAPLITLSEIQFVGSLVGNQSDFLGIMRLAEAGKVKPMITKTMKLEEANEAIDNLENFKAIGRQVLIP,CCCCCCCO
MRAVRLVEIGKPLSLQEIGVPKPKGPQVLIKVEAAGVCHSDVHMRQGRFGNLRIVEDLGVKLPVTLGHEIAGKIEEVGDEVVGYSKGDLVAVNPWQGEGNCYYCRIGEEHLCDSPRWLGINFDGAYAEYVIVPHYKYMYKLRRLNAVEAAPLTCSGITTYRAVRKASLDPTKTLLVVGAGGGLGTMAVQIAKAVSGATIIGVDVREEAVEAAKRAGADYVINASMQDPLAEIRRITESKGVDAVIDLNNSEKTLSVYPKALAKQGKYVMVGLFGADLHYHAPLITLSEIQFVGSLVGNQSDFLGIMRLAEAGKVKPMITKTMKLEEANEAIDNLENFKAIGRQVLIP,CCCCCCO
MRAVRLVEIGKPLSLQEIGVPKPKGPQVLIKVEAAGVCHSDVHMRQGRFGNLRIVEDLGVKLPVTLGHEIAGKIEEVGDEVVGYSKGDLVAVNPWQGEGNCYYCRIGEEHLCDSPRWLGINFDGAYAEYVIVPHYKYMYKLRRLNAVEAAPLTCSGITTYRAVRKASLDPTKTLLVVGAGGGLGTMAVQIAKAVSGATIIGVDVREEAVEAAKRAGADYVINASMQDPLAEIRRITESKGVDAVIDLNNSEKTLSVYPKALAKQGKYVMVGLFGADLHYHAPLITLSEIQFVGSLVGNQSDFLGIMRLAEAGKVKPMITKTMKLEEANEAIDNLENFKAIGRQVLIP,CCCCCCO
MRAVRLVEIGKPLSLQEIGVPKPKGPQVLIKVEAAGVCHSDVHMRQGRFGNLRIVEDLGVKLPVTLGHEIAGKIEEVGDEVVGYSKGDLVAVNPWQGEGNCYYCRIGEEHLCDSPRWLGINFDGAYAEYVIVPHYKYMYKLRRLNAVEAAPLTCSGITTYRAVRKASLDPTKTLLVVGAGGGLGTMAVQIAKAVSGATIIGVDVREEAVEAAKRAGADYVINASMQDPLAEIRRITESKGVDAVIDLNNSEKTLSVYPKALAKQGKYVMVGLFGADLHYHAPLITLSEIQFVGSLVGNQSDFLGIMRLAEAGKVKPMITKTMKLEEANEAIDNLENFKAIGRQVLIP,CCCCCCO
MKAARLHEYNKPLRIEDVDYPRLEGRFDVIVRIAGAGVCHTDLHLVQGMWHELLQPKLPYTLGHENVGYIEEVAEGVEGLEKGDPVILHPAVTDGTCLACRAGEDMHCENLEFPGLNIDGGFAEFMRTSHRSVIKLPKDISREKLVEMAPLADAGITAYRAVKKAARTLYPGAYVAIVGVGGLGHIAVQLLKVMTPATVIALDVKEEKLKLAERLGADHVVDARRDPVKQVMELTRGRGVNVAMDFVGSQATVDYTPYLLGRMGRLIIVGYGGELRFPTIRVISSEVSFEGSLVGNYVELHELVTLALQGKVRVEVDIHKLDEINDVLERLEKGEVLGRAVLIP,CCCCCCO
MSYQSLKNKVVIVTGAGSGIGRAIAKKFALNDSIVVAVELLEDRLNQIVQELRGMGKEVLGVKADVSKKKDVEEFVRRTFETYSRIDVLCNNAGIMDGVTPVAEVSDELWERVLAVNLYSAFYSSRAVIPIMLKQGKGVIVNTASIAGIRGGFAGAPYTVAKHGLIGLTRSIAAHYGDQGIRAVAVLPGTVKTNIGLGSSKPSELGMRTLTKLMSLSSRLAEPEDIANVIVFLASDEASFVNGDAVVVDGGLTVL,C1CC2=CC=CC=C2C1O
MRAVRLVEIGKPLSLQEIGVPKPKGPQVLIKVEAAGVCHSDVHMRQGRFGNLRIVEDLGVKLPVTLGHEIAGKIEEVGDEVVGYSKGDLVAVNPWQGEGNCYYCRIGEEHLCDSPRWLGINFDGAYAEYVIVPHYKYMYKLRRLNAVEAAPLTCSGITTYRAVRKASLDPTKTLLVVGAGGGLGTMAVQIAKAVSGATIIGVDVREEAVEAAKRAGADYVINASMQDPLAEIRRITESKGVDAVIDLNNSEKTLSVYPKALAKQGKYVMVGLFGADLHYHAPLITLSEIQFVGSLVGNQSDFLGIMRLAEAGKVKPMITKTMKLEEANEAIDNLENFKAIGRQVLIP,CCCCCO
MRAVRLVEIGKPLSLQEIGVPKPKGPQVLIKVEAAGVCHSDVHMRQGRFGNLRIVEDLGVKLPVTLGHEIAGKIEEVGDEVVGYSKGDLVAVNPWQGEGNCYYCRIGEEHLCDSPRWLGINFDGAYAEYVIVPHYKYMYKLRRLNAVEAAPLTCSGITTYRAVRKASLDPTKTLLVVGAGGGLGTMAVQIAKAVSGATIIGVDVREEAVEAAKRAGADYVINASMQDPLAEIRRITESKGVDAVIDLNNSEKTLSVYPKALAKQGKYVMVGLFGADLHYHAPLITLSEIQFVGSLVGNQSDFLGIMRLAEAGKVKPMITKTMKLEEANEAIDNLENFKAIGRQVLIP,CCCCCO
MRAVRLVEIGKPLSLQEIGVPKPKGPQVLIKVEAAGVCHSDVHMRQGRFGNLRIVEDLGVKLPVTLGHEIAGKIEEVGDEVVGYSKGDLVAVNPWQGEGNCYYCRIGEEHLCDSPRWLGINFDGAYAEYVIVPHYKYMYKLRRLNAVEAAPLTCSGITTYRAVRKASLDPTKTLLVVGAGGGLGTMAVQIAKAVSGATIIGVDVREEAVEAAKRAGADYVINASMQDPLAEIRRITESKGVDAVIDLNNSEKTLSVYPKALAKQGKYVMVGLFGADLHYHAPLITLSEIQFVGSLVGNQSDFLGIMRLAEAGKVKPMITKTMKLEEANEAIDNLENFKAIGRQVLIP,CCCCCO
MKAARLHEYNKPLRIEDVDYPRLEGRFDVIVRIAGAGVCHTDLHLVQGMWHELLQPKLPYTLGHENVGYIEEVAEGVEGLEKGDPVILHPAVTDGTCLACRAGEDMHCENLEFPGLNIDGGFAEFMRTSHRSVIKLPKDISREKLVEMAPLADAGITAYRAVKKAARTLYPGAYVAIVGVGGLGHIAVQLLKVMTPATVIALDVKEEKLKLAERLGADHVVDARRDPVKQVMELTRGRGVNVAMDFVGSQATVDYTPYLLGRMGRLIIVGYGGELRFPTIRVISSEVSFEGSLVGNYVELHELVTLALQGKVRVEVDIHKLDEINDVLERLEKGEVLGRAVLIP,CCCCCO
MSYQSLKNKVVIVTGAGSGIGRAIAKKFALNDSIVVAVELLEDRLNQIVQELRGMGKEVLGVKADVSKKKDVEEFVRRTFETYSRIDVLCNNAGIMDGVTPVAEVSDELWERVLAVNLYSAFYSSRAVIPIMLKQGKGVIVNTASIAGIRGGFAGAPYTVAKHGLIGLTRSIAAHYGDQGIRAVAVLPGTVKTNIGLGSSKPSELGMRTLTKLMSLSSRLAEPEDIANVIVFLASDEASFVNGDAVVVDGGLTVL,CC(=O)C(=O)C1=CC=CC=C1
MKKVRIFNDLKWIGDDKVTAIGMGTWGIGGYESPDYSKDNESVEVLRHGLELGINLIDTAEFYGAGHSEELVGEAIKEFERDDIFIISKVWPTHFGYEEAKRAARASAKRLGTYIDLYLLHWPGDSWEKIKETLHALEELVDEGLIRYIGVSNFDLELLKRSQEAMKKYEIVANEVKYSLKDRWPETTGLLDYMKREGIALIAYTPLEKGTLARNECLAEIGKKYGKTAAQVALNYLIWEENVIAIPKAGNKAHLEENFGAMGWRLSKEDRENARGCV,CC(C1=CC=CC=C1)O
MRAVRLVEIGKPLSLQEIGVPKPKGPQVLIKVEAAGVCHSDVHMRQGRFGNLRIVEDLGVKLPVTLGHEIAGKIEEVGDEVVGYSKGDLVAVNPWQGEGNCYYCRIGEEHLCDSPRWLGINFDGAYAEYVIVPHYKYMYKLRRLNAVEAAPLTCSGITTYRAVRKASLDPTKTLLVVGAGGGLGTMAVQIAKAVSGATIIGVDVREEAVEAAKRAGADYVINASMQDPLAEIRRITESKGVDAVIDLNNSEKTLSVYPKALAKQGKYVMVGLFGADLHYHAPLITLSEIQFVGSLVGNQSDFLGIMRLAEAGKVKPMITKTMKLEEANEAIDNLENFKAIGRQVLIP,CCCO
MRAVRLVEIGKPLSLQEIGVPKPKGPQVLIKVEAAGVCHSDVHMRQGRFGNLRIVEDLGVKLPVTLGHEIAGKIEEVGDEVVGYSKGDLVAVNPWQGEGNCYYCRIGEEHLCDSPRWLGINFDGAYAEYVIVPHYKYMYKLRRLNAVEAAPLTCSGITTYRAVRKASLDPTKTLLVVGAGGGLGTMAVQIAKAVSGATIIGVDVREEAVEAAKRAGADYVINASMQDPLAEIRRITESKGVDAVIDLNNSEKTLSVYPKALAKQGKYVMVGLFGADLHYHAPLITLSEIQFVGSLVGNQSDFLGIMRLAEAGKVKPMITKTMKLEEANEAIDNLENFKAIGRQVLIP,CCCO
MKAARLHEYNKPLRIEDVDYPRLEGRFDVIVRIAGAGVCHTDLHLVQGMWHELLQPKLPYTLGHENVGYIEEVAEGVEGLEKGDPVILHPAVTDGTCLACRAGEDMHCENLEFPGLNIDGGFAEFMRTSHRSVIKLPKDISREKLVEMAPLADAGITAYRAVKKAARTLYPGAYVAIVGVGGLGHIAVQLLKVMTPATVIALDVKEEKLKLAERLGADHVVDARRDPVKQVMELTRGRGVNVAMDFVGSQATVDYTPYLLGRMGRLIIVGYGGELRFPTIRVISSEVSFEGSLVGNYVELHELVTLALQGKVRVEVDIHKLDEINDVLERLEKGEVLGRAVLIP,CCCO
